{
  "step": [
    200,
    400,
    600,
    800,
    1000,
    1200,
    1400,
    1600,
    1800,
    2000,
    2200,
    2400,
    2600,
    2800,
    3000,
    3200,
    3400,
    3600,
    3800,
    4000,
    4200,
    4400,
    4600,
    4800,
    5000
  ],
  "total_loss": [
    0.17582131922245026,
    0.12600268423557281,
    0.14750966429710388,
    0.11659184843301773,
    0.08660215139389038,
    0.09557244926691055,
    0.08353760838508606,
    0.097563236951828,
    0.08090479671955109,
    0.059908267110586166,
    0.038747213780879974,
    0.064149409532547,
    0.04356614872813225,
    0.04306923598051071,
    0.03344915807247162,
    0.04846034571528435,
    0.021734975278377533,
    0.029048848897218704,
    0.028960231691598892,
    0.027365222573280334,
    0.023422492668032646,
    0.022693388164043427,
    0.026716113090515137,
    0.0367666594684124,
    0.014492486603558064
  ],
  "src_loss": [
    0.037968799471855164,
    0.028298169374465942,
    0.04461144655942917,
    0.03157518059015274,
    0.03769925609230995,
    0.03292062133550644,
    0.024388834834098816,
    0.053934719413518906,
    0.022556178271770477,
    0.02263837680220604,
    0.019339032471179962,
    0.021692447364330292,
    0.02790447324514389,
    0.025390740483999252,
    0.016283361241221428,
    0.014761615544557571,
    0.011608198285102844,
    0.012058433145284653,
    0.014557721093297005,
    0.008057867176830769,
    0.011230045929551125,
    0.012975488789379597,
    0.008992738090455532,
    0.018051058053970337,
    0.007419591769576073
  ],
  "cos_loss": [
    13.424027442932129,
    9.125181198120117,
    9.659723281860352,
    7.9027814865112305,
    4.105687618255615,
    5.403336524963379,
    5.141231536865234,
    3.5069901943206787,
    4.745156288146973,
    1.9884395599365234,
    0.9876691102981567,
    3.5443999767303467,
    0.8995788097381592,
    0.9155374765396118,
    0.7320979833602905,
    2.6051292419433594,
    0.4936720132827759,
    0.7678917050361633,
    1.128910779953003,
    1.472710371017456,
    0.79839026927948,
    0.7324658632278442,
    1.7104698419570923,
    1.1849825382232666,
    0.27400970458984375
  ],
  "scale_loss": [
    36.122440338134766,
    64.52703857421875,
    63.009788513183594,
    59.88854217529297,
    78.46019744873047,
    86.18463134765625,
    77.36457824707031,
    85.58610534667969,
    108.97057342529297,
    173.85494995117188,
    95.31490325927734,
    70.12962341308594,
    66.65888214111328,
    85.23119354248047,
    98.44819641113281,
    76.4743881225586,
    51.900577545166016,
    93.11499786376953,
    31.13401985168457,
    45.802520751953125,
    42.08544921875,
    23.932422637939453,
    6.186758518218994,
    68.65775299072266,
    43.32798385620117
  ],
  "pair": [
    [
      "D2",
      "D3"
    ],
    [
      "D1",
      "D2"
    ],
    [
      "D1",
      "D2"
    ],
    [
      "D3",
      "D2"
    ],
    [
      "D1",
      "D2"
    ],
    [
      "D3",
      "D1"
    ],
    [
      "D2",
      "D3"
    ],
    [
      "D2",
      "D3"
    ],
    [
      "D3",
      "D2"
    ],
    [
      "D1",
      "D3"
    ],
    [
      "D1",
      "D3"
    ],
    [
      "D1",
      "D2"
    ],
    [
      "D2",
      "D3"
    ],
    [
      "D3",
      "D2"
    ],
    [
      "D1",
      "D3"
    ],
    [
      "D1",
      "D3"
    ],
    [
      "D2",
      "D3"
    ],
    [
      "D1",
      "D2"
    ],
    [
      "D1",
      "D2"
    ],
    [
      "D3",
      "D2"
    ],
    [
      "D3",
      "D2"
    ],
    [
      "D1",
      "D3"
    ],
    [
      "D3",
      "D1"
    ],
    [
      "D1",
      "D3"
    ],
    [
      "D2",
      "D1"
    ]
  ]
}