{
  "step": [
    200,
    400,
    600,
    800,
    1000,
    1200,
    1400,
    1600,
    1800,
    2000,
    2200,
    2400,
    2600,
    2800,
    3000,
    3200,
    3400,
    3600,
    3800,
    4000,
    4200,
    4400,
    4600,
    4800,
    5000
  ],
  "total_loss": [
    2.3097498416900635,
    0.6469244956970215,
    0.8696438074111938,
    0.7871158123016357,
    2.4488558769226074,
    1.1031770706176758,
    5.105076789855957,
    0.5679774880409241,
    0.7455416321754456,
    0.6722164154052734,
    0.4602207541465759,
    0.691764235496521,
    0.9833844900131226,
    0.7616949677467346,
    0.606177806854248,
    0.48253172636032104,
    0.8893988132476807,
    0.9190562963485718,
    1.8860890865325928,
    0.42218855023384094,
    0.5314617156982422,
    0.7601090669631958,
    2.1503312587738037,
    1.1308311223983765,
    1.164631724357605
  ],
  "qry_loss": [
    2.0545482635498047,
    0.37121009826660156,
    0.6396632194519043,
    0.5073708295822144,
    2.209930181503296,
    0.7900156378746033,
    4.8553619384765625,
    0.30087265372276306,
    0.4615224599838257,
    0.40661323070526123,
    0.2558083236217499,
    0.42192402482032776,
    0.7369548082351685,
    0.5249695777893066,
    0.3603171706199646,
    0.24637608230113983,
    0.6667136549949646,
    0.6528910398483276,
    1.6236504316329956,
    0.1588597595691681,
    0.29536518454551697,
    0.46687865257263184,
    1.8704451322555542,
    0.848445475101471,
    0.9101332426071167
  ],
  "src_loss": [
    0.08977308869361877,
    0.0949331521987915,
    0.06508011370897293,
    0.117507703602314,
    0.06139938533306122,
    0.13243500888347626,
    0.0838964581489563,
    0.0825856477022171,
    0.10642781108617783,
    0.08230676501989365,
    0.044411540031433105,
    0.08186346292495728,
    0.09556611627340317,
    0.05171475186944008,
    0.08218151330947876,
    0.0772586539387703,
    0.04076213389635086,
    0.09441320598125458,
    0.07851582020521164,
    0.10399041324853897,
    0.05412783473730087,
    0.12940402328968048,
    0.07526735961437225,
    0.11039316654205322,
    0.054386112838983536
  ],
  "cos_loss": [
    15.917475700378418,
    15.995415687561035,
    15.75680160522461,
    15.557832717895508,
    16.11360740661621,
    16.085651397705078,
    15.24736499786377,
    16.945465087890625,
    17.052764892578125,
    16.783737182617188,
    14.970393180847168,
    18.107913970947266,
    14.433574676513672,
    18.045557022094727,
    15.483829498291016,
    15.47602367401123,
    17.316452026367188,
    15.421124458312988,
    17.644363403320312,
    15.63189697265625,
    17.212398529052734,
    14.966867446899414,
    18.49268341064453,
    16.370935440063477,
    18.63071060180664
  ],
  "scale_loss": [
    62.53810119628906,
    208.27110290527344,
    73.32476043701172,
    66.5894546508789,
    163.9034423828125,
    198.6986846923828,
    133.44741821289062,
    150.64544677734375,
    70.63699340820312,
    154.59019470214844,
    102.9694595336914,
    68.97663879394531,
    65.27790069580078,
    45.55076217651367,
    88.4083480834961,
    41.36741256713867,
    87.58512878417969,
    175.40847778320312,
    74.79254913330078,
    30.194059371948242,
    98.44727325439453,
    141.57752990722656,
    196.91995239257812,
    82.8313217163086,
    138.052978515625
  ],
  "inner_delta_norm": [
    1.657860279083252,
    0.9429090619087219,
    1.3193522691726685,
    1.2497334480285645,
    3.562739610671997,
    1.1648566722869873,
    3.0854990482330322,
    0.7625060081481934,
    1.4887058734893799,
    1.748207688331604,
    1.0285478830337524,
    1.2311252355575562,
    1.8452467918395996,
    1.3855009078979492,
    1.4594522714614868,
    0.8407925367355347,
    1.3821512460708618,
    1.5447968244552612,
    2.1025214195251465,
    0.8867064714431763,
    0.726041853427887,
    1.4840011596679688,
    2.7285189628601074,
    1.509095311164856,
    1.8785184621810913
  ],
  "pair": [
    [
      "D2",
      "D3"
    ],
    [
      "D1",
      "D3"
    ],
    [
      "D1",
      "D2"
    ],
    [
      "D3",
      "D1"
    ],
    [
      "D2",
      "D1"
    ],
    [
      "D1",
      "D3"
    ],
    [
      "D2",
      "D1"
    ],
    [
      "D3",
      "D1"
    ],
    [
      "D3",
      "D2"
    ],
    [
      "D3",
      "D2"
    ],
    [
      "D2",
      "D1"
    ],
    [
      "D3",
      "D1"
    ],
    [
      "D3",
      "D1"
    ],
    [
      "D2",
      "D3"
    ],
    [
      "D3",
      "D1"
    ],
    [
      "D1",
      "D2"
    ],
    [
      "D2",
      "D1"
    ],
    [
      "D1",
      "D2"
    ],
    [
      "D3",
      "D2"
    ],
    [
      "D1",
      "D2"
    ],
    [
      "D2",
      "D3"
    ],
    [
      "D1",
      "D3"
    ],
    [
      "D3",
      "D2"
    ],
    [
      "D1",
      "D3"
    ],
    [
      "D2",
      "D1"
    ]
  ]
}