{
  "step": [
    200,
    400,
    600,
    800,
    1000,
    1200,
    1400,
    1600,
    1800,
    2000,
    2200,
    2400,
    2600,
    2800,
    3000,
    3200,
    3400,
    3600,
    3800,
    4000,
    4200,
    4400,
    4600,
    4800,
    5000
  ],
  "total_loss": [
    0.2059255838394165,
    0.18425145745277405,
    0.16375407576560974,
    0.19668379426002502,
    0.15864846110343933,
    0.13636906445026398,
    0.0981210470199585,
    0.09578654170036316,
    0.07932676374912262,
    0.097418412566185,
    0.0700874924659729,
    0.07519852370023727,
    0.0575895681977272,
    0.0749923586845398,
    0.045684732496738434,
    0.056417349725961685,
    0.046395596116781235,
    0.04079517349600792,
    0.06191553175449371,
    0.0324850007891655,
    0.034572917968034744,
    0.06401927024126053,
    0.022585129365324974,
    0.029031554237008095,
    0.026427486911416054
  ],
  "src_loss": [
    0.04985732585191727,
    0.040407583117485046,
    0.038013339042663574,
    0.05166696012020111,
    0.050330355763435364,
    0.045357845723629,
    0.04547750949859619,
    0.028072748333215714,
    0.04133674502372742,
    0.02958049811422825,
    0.03842925652861595,
    0.047203559428453445,
    0.03286288306117058,
    0.020287983119487762,
    0.025923296809196472,
    0.021208152174949646,
    0.02386150136590004,
    0.021033665165305138,
    0.015034237876534462,
    0.01559374202042818,
    0.01721065491437912,
    0.01893823966383934,
    0.012983464635908604,
    0.013498585671186447,
    0.016231194138526917
  ],
  "cos_loss": [
    14.93791389465332,
    13.80113410949707,
    12.289011001586914,
    13.569939613342285,
    10.004842758178711,
    7.70476770401001,
    4.629300117492676,
    5.957421779632568,
    2.186133861541748,
    5.923567295074463,
    1.7694299221038818,
    2.1451668739318848,
    1.609068751335144,
    4.367453575134277,
    0.9199935793876648,
    2.6350741386413574,
    1.0546903610229492,
    1.0017116069793701,
    4.158763885498047,
    0.7423758506774902,
    0.714776873588562,
    3.4404327869415283,
    0.6419036388397217,
    0.5078794956207275,
    0.5445070862770081
  ],
  "scale_loss": [
    66.89138793945312,
    58.325401306152344,
    28.50625228881836,
    93.17447662353516,
    82.69688415527344,
    139.6354217529297,
    63.505409240722656,
    81.39575958251953,
    161.28675842285156,
    86.0224609375,
    139.63937377929688,
    65.43294525146484,
    86.36000061035156,
    110.29834747314453,
    105.6150131225586,
    88.58457946777344,
    119.87191009521484,
    97.44393157958984,
    52.936553955078125,
    94.67501831054688,
    102.14494323730469,
    106.76705169677734,
    31.826284408569336,
    104.541748046875,
    47.512229919433594
  ],
  "pair": [
    [
      "D1",
      "D2"
    ],
    [
      "D3",
      "D1"
    ],
    [
      "D1",
      "D3"
    ],
    [
      "D1",
      "D3"
    ],
    [
      "D1",
      "D2"
    ],
    [
      "D3",
      "D1"
    ],
    [
      "D3",
      "D2"
    ],
    [
      "D1",
      "D3"
    ],
    [
      "D1",
      "D2"
    ],
    [
      "D1",
      "D3"
    ],
    [
      "D2",
      "D3"
    ],
    [
      "D1",
      "D2"
    ],
    [
      "D2",
      "D1"
    ],
    [
      "D3",
      "D1"
    ],
    [
      "D2",
      "D1"
    ],
    [
      "D1",
      "D2"
    ],
    [
      "D3",
      "D2"
    ],
    [
      "D2",
      "D1"
    ],
    [
      "D1",
      "D3"
    ],
    [
      "D1",
      "D2"
    ],
    [
      "D2",
      "D1"
    ],
    [
      "D2",
      "D3"
    ],
    [
      "D2",
      "D1"
    ],
    [
      "D1",
      "D2"
    ],
    [
      "D2",
      "D3"
    ]
  ]
}