{
  "step": [
    200,
    400,
    600,
    800,
    1000,
    1200,
    1400,
    1600,
    1800,
    2000,
    2200,
    2400,
    2600,
    2800,
    3000,
    3200,
    3400,
    3600,
    3800,
    4000,
    4200,
    4400,
    4600,
    4800,
    5000
  ],
  "total_loss": [
    0.7052696347236633,
    0.4299744963645935,
    0.8601832389831543,
    0.6243443489074707,
    0.8804483413696289,
    0.81846022605896,
    1.5230371952056885,
    1.339151382446289,
    2.153215169906616,
    0.5949809551239014,
    1.1381207704544067,
    0.6611114740371704,
    0.988067090511322,
    0.6814917325973511,
    1.4720375537872314,
    6.868879318237305,
    0.8374160528182983,
    0.7007402777671814,
    0.566277265548706,
    0.6480845808982849,
    1.2384724617004395,
    0.7065120935440063,
    0.8496304750442505,
    1.045517921447754,
    0.6337372660636902
  ],
  "qry_loss": [
    0.4178857207298279,
    0.16340498626232147,
    0.5569384098052979,
    0.31041663885116577,
    0.6202572584152222,
    0.548793613910675,
    1.2728097438812256,
    1.0308561325073242,
    1.8792182207107544,
    0.3152603209018707,
    0.7992542386054993,
    0.3626357913017273,
    0.7241140007972717,
    0.40799498558044434,
    1.1738970279693604,
    6.556870460510254,
    0.5637857913970947,
    0.382914662361145,
    0.2884090542793274,
    0.33751505613327026,
    0.9177583456039429,
    0.42784640192985535,
    0.546832799911499,
    0.7416518926620483,
    0.2673180103302002
  ],
  "src_loss": [
    0.10991445183753967,
    0.09746803343296051,
    0.13309869170188904,
    0.1544383466243744,
    0.08609078079462051,
    0.0915612056851387,
    0.0851868987083435,
    0.12618964910507202,
    0.10259075462818146,
    0.1266508549451828,
    0.14978933334350586,
    0.1327986717224121,
    0.11899371445178986,
    0.1250433623790741,
    0.10431776940822601,
    0.1445668339729309,
    0.10675400495529175,
    0.13661491870880127,
    0.10628268122673035,
    0.15762674808502197,
    0.1309831142425537,
    0.12411155551671982,
    0.13624036312103271,
    0.1144697517156601,
    0.1823095977306366
  ],
  "cos_loss": [
    15.781266212463379,
    16.537063598632812,
    16.107147216796875,
    15.370989799499512,
    16.560991287231445,
    17.36265754699707,
    15.3231201171875,
    16.957128524780273,
    16.121868133544922,
    14.900284767150879,
    18.216365814208984,
    15.608820915222168,
    14.04447078704834,
    14.054872512817383,
    18.80899429321289,
    15.6165132522583,
    15.80491828918457,
    16.866783142089844,
    16.066497802734375,
    14.562545776367188,
    17.852420806884766,
    14.580649375915527,
    15.575623512268066,
    17.536243438720703,
    17.300859451293945
  ],
  "scale_loss": [
    196.56796264648438,
    37.30813217163086,
    90.74696350097656,
    57.79446792602539,
    84.9037094116211,
    44.78860855102539,
    118.09278106689453,
    125.34394073486328,
    101.87564849853516,
    40.66879653930664,
    69.13569641113281,
    95.88817596435547,
    45.146583557128906,
    79.0466537475586,
    57.32893371582031,
    112.76737976074219,
    88.27094268798828,
    125.42862701416016,
    109.20589447021484,
    73.17304992675781,
    112.06822204589844,
    87.47669982910156,
    108.01058197021484,
    140.3383331298828,
    111.01070404052734
  ],
  "inner_delta_norm": [
    1.3058067560195923,
    0.924068808555603,
    1.5097544193267822,
    0.8295273184776306,
    1.3740373849868774,
    1.3325860500335693,
    2.2013723850250244,
    1.5919816493988037,
    2.73110032081604,
    0.9357661604881287,
    1.4174249172210693,
    0.3741850256919861,
    1.4331423044204712,
    0.6557309627532959,
    1.1715086698532104,
    4.380080223083496,
    0.5407170057296753,
    0.5803925395011902,
    0.6831728219985962,
    0.7834387421607971,
    1.4498909711837769,
    1.224810242652893,
    1.1413062810897827,
    1.0934330224990845,
    0.5221595764160156
  ],
  "pair": [
    [
      "D2",
      "D3"
    ],
    [
      "D2",
      "D1"
    ],
    [
      "D2",
      "D1"
    ],
    [
      "D2",
      "D1"
    ],
    [
      "D3",
      "D1"
    ],
    [
      "D2",
      "D1"
    ],
    [
      "D3",
      "D1"
    ],
    [
      "D2",
      "D1"
    ],
    [
      "D3",
      "D1"
    ],
    [
      "D3",
      "D1"
    ],
    [
      "D3",
      "D2"
    ],
    [
      "D2",
      "D1"
    ],
    [
      "D3",
      "D1"
    ],
    [
      "D2",
      "D1"
    ],
    [
      "D2",
      "D3"
    ],
    [
      "D3",
      "D2"
    ],
    [
      "D2",
      "D1"
    ],
    [
      "D2",
      "D3"
    ],
    [
      "D1",
      "D2"
    ],
    [
      "D1",
      "D3"
    ],
    [
      "D3",
      "D1"
    ],
    [
      "D2",
      "D1"
    ],
    [
      "D2",
      "D1"
    ],
    [
      "D2",
      "D3"
    ],
    [
      "D1",
      "D3"
    ]
  ]
}