{
  "step": [
    200,
    400,
    600,
    800,
    1000,
    1200,
    1400,
    1600,
    1800,
    2000,
    2200,
    2400,
    2600,
    2800,
    3000,
    3200,
    3400,
    3600,
    3800,
    4000,
    4200,
    4400,
    4600,
    4800,
    5000
  ],
  "total_loss": [
    0.17669348418712616,
    0.17390352487564087,
    0.09426973015069962,
    0.1057749092578888,
    0.06348014622926712,
    0.09005001187324524,
    0.0681084468960762,
    0.054719455540180206,
    0.05064622685313225,
    0.06377288699150085,
    0.057117145508527756,
    0.02942243404686451,
    0.02995917946100235,
    0.05027373880147934,
    0.07237359881401062,
    0.021274365484714508,
    0.022226747125387192,
    0.02358977496623993,
    0.03136347979307175,
    0.017394661903381348,
    0.02874850481748581,
    0.025371937081217766,
    0.020780842751264572,
    0.015881486237049103,
    0.017994338646531105
  ],
  "src_loss": [
    0.030647549778223038,
    0.0325794592499733,
    0.02120123989880085,
    0.04012561962008476,
    0.02585044875741005,
    0.040109749883413315,
    0.024419602006673813,
    0.031139886006712914,
    0.02368069440126419,
    0.01989593356847763,
    0.0201740600168705,
    0.01690043695271015,
    0.015420760028064251,
    0.016682498157024384,
    0.04129968211054802,
    0.007698830217123032,
    0.014871057122945786,
    0.011492735706269741,
    0.009859742596745491,
    0.008884865790605545,
    0.014219465665519238,
    0.009062839671969414,
    0.012042953632771969,
    0.008907508105039597,
    0.011867860332131386
  ],
  "cos_loss": [
    14.14763355255127,
    13.412824630737305,
    6.78977108001709,
    5.557345867156982,
    2.8646178245544434,
    4.5023345947265625,
    3.8047034740448,
    1.341327428817749,
    1.953416347503662,
    3.4089574813842773,
    2.9281368255615234,
    0.6203861236572266,
    0.8423717021942139,
    2.9206724166870117,
    2.2424750328063965,
    0.6667145490646362,
    0.4492143988609314,
    0.4037446975708008,
    0.8623112440109253,
    0.4772918224334717,
    0.9465089440345764,
    1.2697923183441162,
    0.6656674742698669,
    0.3001137375831604,
    0.22384971380233765
  ],
  "scale_loss": [
    45.696044921875,
    71.95829772949219,
    51.70787811279297,
    100.7583236694336,
    89.835205078125,
    49.169227600097656,
    56.4181022644043,
    101.66295623779297,
    74.31369018554688,
    97.8738021850586,
    76.61715698242188,
    63.181358337402344,
    61.14702606201172,
    43.84519577026367,
    86.49171447753906,
    69.08390808105469,
    28.635456085205078,
    80.5959243774414,
    128.8062286376953,
    37.36878967285156,
    50.63950729370117,
    36.11174774169922,
    20.812158584594727,
    39.728397369384766,
    38.879817962646484
  ],
  "pair": [
    [
      "D3",
      "D1"
    ],
    [
      "D1",
      "D3"
    ],
    [
      "D2",
      "D1"
    ],
    [
      "D2",
      "D1"
    ],
    [
      "D1",
      "D2"
    ],
    [
      "D3",
      "D1"
    ],
    [
      "D3",
      "D1"
    ],
    [
      "D3",
      "D1"
    ],
    [
      "D1",
      "D3"
    ],
    [
      "D3",
      "D2"
    ],
    [
      "D3",
      "D2"
    ],
    [
      "D3",
      "D1"
    ],
    [
      "D3",
      "D2"
    ],
    [
      "D2",
      "D3"
    ],
    [
      "D3",
      "D2"
    ],
    [
      "D1",
      "D2"
    ],
    [
      "D2",
      "D3"
    ],
    [
      "D2",
      "D3"
    ],
    [
      "D3",
      "D2"
    ],
    [
      "D1",
      "D3"
    ],
    [
      "D1",
      "D2"
    ],
    [
      "D2",
      "D1"
    ],
    [
      "D2",
      "D1"
    ],
    [
      "D3",
      "D2"
    ],
    [
      "D2",
      "D3"
    ]
  ]
}