{
  "step": [
    200,
    400,
    600,
    800,
    1000,
    1200,
    1400,
    1600,
    1800,
    2000,
    2200,
    2400,
    2600,
    2800,
    3000,
    3200,
    3400,
    3600,
    3800,
    4000,
    4200,
    4400,
    4600,
    4800,
    5000
  ],
  "total_loss": [
    0.5194041728973389,
    0.8053091764450073,
    0.5916602611541748,
    0.7113527059555054,
    0.6175312399864197,
    3.8325345516204834,
    0.6045974493026733,
    1.293369174003601,
    0.85866379737854,
    0.5732576251029968,
    0.7585229873657227,
    0.7341856956481934,
    1.2591371536254883,
    0.8961366415023804,
    0.7276737093925476,
    0.6281769275665283,
    0.5798271894454956,
    0.9082764387130737,
    0.44620293378829956,
    0.6085165143013,
    0.3907676339149475,
    0.4961496889591217,
    0.7336564064025879,
    0.5472773313522339,
    0.45317864418029785
  ],
  "qry_loss": [
    0.28925174474716187,
    0.5413995385169983,
    0.3797973096370697,
    0.46132272481918335,
    0.3641345798969269,
    3.545316696166992,
    0.320033997297287,
    1.0318599939346313,
    0.5872771143913269,
    0.29894375801086426,
    0.5210323333740234,
    0.46142396330833435,
    1.0280544757843018,
    0.6394222974777222,
    0.5065393447875977,
    0.3928450644016266,
    0.3032715320587158,
    0.6590213775634766,
    0.19049227237701416,
    0.40440112352371216,
    0.15784116089344025,
    0.26095882058143616,
    0.5209554433822632,
    0.3669111728668213,
    0.20849266648292542
  ],
  "src_loss": [
    0.05809503793716431,
    0.07023102790117264,
    0.05441538244485855,
    0.0724606066942215,
    0.09165176749229431,
    0.07895282655954361,
    0.11517337709665298,
    0.07024811208248138,
    0.08935181796550751,
    0.07772858440876007,
    0.07864025235176086,
    0.09969387948513031,
    0.08719578385353088,
    0.07401211559772491,
    0.055596452206373215,
    0.08201466500759125,
    0.09110333770513535,
    0.08665710687637329,
    0.0687335878610611,
    0.07100971043109894,
    0.07253202795982361,
    0.07372012734413147,
    0.07335549592971802,
    0.03953022509813309,
    0.07840737700462341
  ],
  "cos_loss": [
    16.918415069580078,
    16.845359802246094,
    14.39582633972168,
    15.402276992797852,
    14.041629791259766,
    19.184505462646484,
    16.378128051757812,
    16.945512771606445,
    17.459827423095703,
    18.283191680908203,
    15.120119094848633,
    16.580650329589844,
    13.901494979858398,
    17.90688705444336,
    15.743768692016602,
    14.743982315063477,
    17.309791564941406,
    15.753181457519531,
    18.203990936279297,
    13.031442642211914,
    15.480358123779297,
    15.839383125305176,
    13.70510482788086,
    13.734841346740723,
    15.85698127746582
  ],
  "scale_loss": [
    28.732393264770508,
    252.24996948242188,
    134.89300537109375,
    235.4662628173828,
    213.28598022460938,
    164.20033264160156,
    56.08778381347656,
    218.05921936035156,
    74.36576843261719,
    137.5335693359375,
    76.492431640625,
    72.61386108398438,
    48.71895980834961,
    36.33344650268555,
    81.0020980834961,
    58.77351760864258,
    123.54393768310547,
    50.6612434387207,
    49.37192916870117,
    27.912466049194336,
    55.90890121459961,
    30.769161224365234,
    22.944547653198242,
    34.87530517578125,
    77.08769226074219
  ],
  "inner_delta_norm": [
    0.9517457485198975,
    1.550022006034851,
    0.8713613152503967,
    1.4131882190704346,
    1.0032281875610352,
    3.655791759490967,
    1.1927622556686401,
    2.0010294914245605,
    1.432409644126892,
    0.7660693526268005,
    1.565650463104248,
    1.304175615310669,
    2.3168256282806396,
    1.2210050821304321,
    1.2167065143585205,
    1.0741467475891113,
    0.7492140531539917,
    2.239089250564575,
    0.7812904715538025,
    1.4367632865905762,
    1.1653025150299072,
    1.3216534852981567,
    2.550422191619873,
    1.6741364002227783,
    1.2738155126571655
  ],
  "pair": [
    [
      "D2",
      "D3"
    ],
    [
      "D2",
      "D1"
    ],
    [
      "D1",
      "D3"
    ],
    [
      "D2",
      "D1"
    ],
    [
      "D1",
      "D3"
    ],
    [
      "D2",
      "D1"
    ],
    [
      "D3",
      "D2"
    ],
    [
      "D2",
      "D1"
    ],
    [
      "D3",
      "D2"
    ],
    [
      "D2",
      "D3"
    ],
    [
      "D3",
      "D1"
    ],
    [
      "D2",
      "D1"
    ],
    [
      "D3",
      "D1"
    ],
    [
      "D2",
      "D3"
    ],
    [
      "D1",
      "D3"
    ],
    [
      "D1",
      "D3"
    ],
    [
      "D2",
      "D3"
    ],
    [
      "D2",
      "D1"
    ],
    [
      "D3",
      "D2"
    ],
    [
      "D3",
      "D2"
    ],
    [
      "D2",
      "D3"
    ],
    [
      "D1",
      "D2"
    ],
    [
      "D1",
      "D3"
    ],
    [
      "D2",
      "D3"
    ],
    [
      "D2",
      "D1"
    ]
  ]
}